time_series_id,channel_id,timestamp,value,labels
A,Z,2023-01-01 00:00:00,-1.0797780988310781,0
B,Y,2023-01-01 01:00:00,-0.6934244111617517,1
A,X,2023-01-01 02:00:00,-2.338046150957248,0
B,Y,2023-01-01 03:00:00,1.6622623438878599,1
B,Y,2023-01-01 04:00:00,-0.27535274222162914,1
C,X,2023-01-01 05:00:00,-0.7465704488243654,1
A,Z,2023-01-01 06:00:00,1.2251034612955707,0
C,Z,2023-01-01 07:00:00,-0.1104324589602783,1
A,Z,2023-01-01 08:00:00,-1.2734893853043774,0
A,Z,2023-01-01 09:00:00,0.031786151729383684,0
A,Y,2023-01-01 10:00:00,0.4623583343156183,0
C,Z,2023-01-01 11:00:00,0.35354835026082887,1
B,Z,2023-01-01 12:00:00,-1.0619793207360517,1
C,Z,2023-01-01 13:00:00,-0.2613546728103239,1
C,Z,2023-01-01 14:00:00,-1.1713985180433313,1
A,Z,2023-01-01 15:00:00,-1.857087438077901,0
B,X,2023-01-01 16:00:00,-0.14481625312704066,1
B,Y,2023-01-01 17:00:00,-0.4838681132611813,1
B,Z,2023-01-01 18:00:00,-0.779796977358304,1
B,Z,2023-01-01 19:00:00,1.2139059463589876,1
A,Y,2023-01-01 20:00:00,-2.12251201088677,0
B,Z,2023-01-01 21:00:00,-0.1377668109403901,1
A,Y,2023-01-01 22:00:00,-0.41732262457364144,0
A,X,2023-01-01 23:00:00,-0.4065365270223594,0
B,Z,2023-01-02 00:00:00,1.0609511500926694,1
C,Z,2023-01-02 01:00:00,-0.10352249618469965,1
A,X,2023-01-02 02:00:00,0.14181682867662118,0
C,Z,2023-01-02 03:00:00,0.5818197433471917,1
A,X,2023-01-02 04:00:00,1.354540640135772,0
B,X,2023-01-02 05:00:00,0.46157705676749955,1
B,Z,2023-01-02 06:00:00,-0.6517152760161196,1
C,X,2023-01-02 07:00:00,3.8117194301316655e-05,1
A,Z,2023-01-02 08:00:00,0.8897543098716872,0
B,Z,2023-01-02 09:00:00,-1.1562814682560905,1
B,Z,2023-01-02 10:00:00,0.39721739663551137,1
B,X,2023-01-02 11:00:00,0.5768477006277303,1
A,X,2023-01-02 12:00:00,0.0600000926376975,0
C,X,2023-01-02 13:00:00,0.5137938415420245,1
A,Y,2023-01-02 14:00:00,-0.6571770292174519,0
C,Z,2023-01-02 15:00:00,-0.6809790793123923,1
C,X,2023-01-02 16:00:00,0.3547696644226805,1
A,Y,2023-01-02 17:00:00,-1.4341543937355707,0
C,Z,2023-01-02 18:00:00,0.4717433848177106,1
A,Z,2023-01-02 19:00:00,-0.04804441407413777,0
A,Z,2023-01-02 20:00:00,-0.5806383234975573,0
A,Y,2023-01-02 21:00:00,0.25278525663133194,0
B,X,2023-01-02 22:00:00,-0.018937418210971328,1
B,X,2023-01-02 23:00:00,-0.6906830578737824,1
C,X,2023-01-03 00:00:00,0.7997616451649069,1
A,X,2023-01-03 01:00:00,2.2141411963167004,0
A,Z,2023-01-03 02:00:00,0.43887141653138584,0
B,Z,2023-01-03 03:00:00,0.6382597023506433,1
A,X,2023-01-03 04:00:00,2.015841384033298,0
B,X,2023-01-03 05:00:00,-0.243652750576395,1
C,X,2023-01-03 06:00:00,1.5338356551232684,1
C,Y,2023-01-03 07:00:00,0.7647502303607351,1
A,Z,2023-01-03 08:00:00,-2.4566790228362767,0
B,X,2023-01-03 09:00:00,-1.7036487105363507,1
B,X,2023-01-03 10:00:00,0.4201530736217595,1
B,Y,2023-01-03 11:00:00,-0.2981490746708833,1
B,X,2023-01-03 12:00:00,0.26360218975797867,1
C,Z,2023-01-03 13:00:00,0.7312659243843918,1
C,Y,2023-01-03 14:00:00,0.22807041708127174,1
C,Y,2023-01-03 15:00:00,-2.028523912627772,1
A,Y,2023-01-03 16:00:00,0.9661904030944017,0
C,X,2023-01-03 17:00:00,-0.1869217991021999,1
B,X,2023-01-03 18:00:00,-0.47232483447197615,1
A,X,2023-01-03 19:00:00,1.936655873094114,0
B,Y,2023-01-03 20:00:00,1.4773404214071757,1
C,Y,2023-01-03 21:00:00,-0.08489010854954045,1
A,Z,2023-01-03 22:00:00,0.42769657009594103,0
A,Y,2023-01-03 23:00:00,-0.304279591720672,0
C,X,2023-01-04 00:00:00,0.20462457074360144,1
A,X,2023-01-04 01:00:00,-0.08333816351571977,0
A,Y,2023-01-04 02:00:00,1.8289309387324877,0
A,Z,2023-01-04 03:00:00,-0.24417947781846558,0
A,Y,2023-01-04 04:00:00,0.475260833707962,0
A,Y,2023-01-04 05:00:00,-0.7142161898132579,0
A,Y,2023-01-04 06:00:00,-1.186935868484489,0
C,X,2023-01-04 07:00:00,0.6088908373077195,1
A,X,2023-01-04 08:00:00,0.5042227913877294,0
C,X,2023-01-04 09:00:00,-0.5139956225811974,1
B,Y,2023-01-04 10:00:00,0.818475365163381,1
B,Z,2023-01-04 11:00:00,1.156600110070067,1
B,Y,2023-01-04 12:00:00,-0.8036888375103498,1
A,Y,2023-01-04 13:00:00,-0.5515622786265142,0
B,X,2023-01-04 14:00:00,-0.33241379291871,1
B,X,2023-01-04 15:00:00,1.8445164904184608,1
B,Y,2023-01-04 16:00:00,-0.4227759432153873,1
A,Z,2023-01-04 17:00:00,0.4876594291581097,0
B,X,2023-01-04 18:00:00,-0.3758276949817914,1
C,Z,2023-01-04 19:00:00,0.22785076629178444,1
A,Z,2023-01-04 20:00:00,0.703788681874696,0
B,Y,2023-01-04 21:00:00,-0.7977998851375934,1
C,Y,2023-01-04 22:00:00,-0.6758999313854687,1
A,Y,2023-01-04 23:00:00,-0.9225463254788417,0
C,Z,2023-01-05 00:00:00,-0.448586345696576,1
A,X,2023-01-05 01:00:00,0.1819790990558298,0
B,X,2023-01-05 02:00:00,-0.22008376203970145,1
C,Y,2023-01-05 03:00:00,0.02495618334309599,1
